"","OR","lb","ub"
"cetuximab",0.5357,0.1545,1.857
"erlotinib",0.8571,0.06527,11.26
"paclitaxel",0.8409,0.072,9.821
"tamoxifen",1.182,0.09735,14.35
"trametinib",0.4286,0.04458,4.12
